{
  "cardiovascular": 0.35000000000000003,
  "hepatorenal": 0.35000000000000003,
  "neurological": 0.4600000000000001,
  "oncological": 0.36000000000000004
}