{
  "f1_micro": 0.872093023255814,
  "f1_macro": 0.8611265964459933,
  "roc_auc_macro": 0.9559963356383998,
  "pr_auc_macro": 0.9352807903981466,
  "per_class": {
    "cardiovascular": {
      "f1": 0.8977556109725686,
      "roc_auc": 0.9728188696256046,
      "pr_auc": 0.9665621739252741,
      "thr": 0.4600000000000001
    },
    "hepatorenal": {
      "f1": 0.8493975903614458,
      "roc_auc": 0.9449760765550239,
      "pr_auc": 0.9282133551314526,
      "thr": 0.4600000000000001
    },
    "neurological": {
      "f1": 0.8870967741935484,
      "roc_auc": 0.9706303963729707,
      "pr_auc": 0.9695073563667586,
      "thr": 0.5100000000000001
    },
    "oncological": {
      "f1": 0.8102564102564103,
      "roc_auc": 0.9355600000000001,
      "pr_auc": 0.8768402761691008,
      "thr": 0.45000000000000007
    }
  }
}