class,f1,roc_auc,pr_auc,thr
cardiovascular,0.9158415841584159,0.9768150196761656,0.9706234965926278,0.35000000000000003
hepatorenal,0.8672566371681416,0.9521662547978339,0.9372755327073047,0.35000000000000003
neurological,0.9048414023372288,0.9716638330499716,0.9705105556858418,0.4600000000000001
oncological,0.8540540540540541,0.9466800000000001,0.8945310014487706,0.36000000000000004
