class,f1,roc_auc,pr_auc,thr
cardiovascular,0.916256157635468,0.9752189963328013,0.9691626680014886,0.4100000000000001
hepatorenal,0.8695652173913043,0.9501682527998317,0.9346159989800844,0.38000000000000006
neurological,0.8977635782747604,0.9715082619373048,0.9703475237848632,0.5100000000000001
oncological,0.8404255319148937,0.9442999999999999,0.8896689805750951,0.4100000000000001
