{
  "f1_micro": 0.8881578947368421,
  "f1_macro": 0.8795019165842853,
  "roc_auc_macro": 0.9594719711430327,
  "pr_auc_macro": 0.9397831388749881,
  "per_class": {
    "cardiovascular": {
      "f1": 0.9077306733167082,
      "roc_auc": 0.9752920966386044,
      "pr_auc": 0.9688032302470109,
      "thr": 0.4100000000000001
    },
    "hepatorenal": {
      "f1": 0.8670520231213873,
      "roc_auc": 0.9494452915505547,
      "pr_auc": 0.9333822024691664,
      "thr": 0.38000000000000006
    },
    "neurological": {
      "f1": 0.9016949152542373,
      "roc_auc": 0.9716304963829716,
      "pr_auc": 0.970474031452115,
      "thr": 0.5100000000000001
    },
    "oncological": {
      "f1": 0.8415300546448088,
      "roc_auc": 0.94152,
      "pr_auc": 0.88647309133166,
      "thr": 0.43000000000000005
    }
  }
}