{
  "f1_micro": 0.8894568690095846,
  "f1_macro": 0.8810026213041066,
  "roc_auc_macro": 0.9602988777674843,
  "pr_auc_macro": 0.9409487928353829,
  "per_class": {
    "cardiovascular": {
      "f1": 0.916256157635468,
      "roc_auc": 0.9752189963328013,
      "pr_auc": 0.9691626680014886,
      "thr": 0.4100000000000001
    },
    "hepatorenal": {
      "f1": 0.8695652173913043,
      "roc_auc": 0.9501682527998317,
      "pr_auc": 0.9346159989800844,
      "thr": 0.38000000000000006
    },
    "neurological": {
      "f1": 0.8977635782747604,
      "roc_auc": 0.9715082619373048,
      "pr_auc": 0.9703475237848632,
      "thr": 0.5100000000000001
    },
    "oncological": {
      "f1": 0.8404255319148937,
      "roc_auc": 0.9442999999999999,
      "pr_auc": 0.8896689805750951,
      "thr": 0.4100000000000001
    }
  }
}