name,cv_f1_micro,cv_f1_macro,test_f1_micro,test_f1_macro,minutes,thr
linsvm_C1,0.8975348749422097,0.8907685015699364,0.8860759493670886,0.8705914033574944,0.06,"[0.36000000000000004, 0.34, 0.4700000000000001, 0.43000000000000005]"
logreg_C2,0.8878632953276432,0.8801812049045147,0.868505452212957,0.8551644356294635,0.18,"[0.4600000000000001, 0.4600000000000001, 0.5100000000000001, 0.4100000000000001]"
ridge_a1,0.8916950500404011,0.8831983884127957,0.8769334229993275,0.8489973417738864,0.05,"[0.4100000000000001, 0.38000000000000006, 0.5100000000000001, 0.49000000000000005]"
cnb_a05,0.8188785881932619,0.776629838418871,0.807574832009774,0.7585491705611053,0.04,"[0.5000000000000001, 0.43000000000000005, 0.05, 0.5500000000000002]"
