name,cv_f1_micro,cv_f1_macro,test_f1_micro,test_f1_macro,minutes,thr
linsvm_C1_cal_,0.897735643694313,0.8913452576431259,0.8866111467008329,0.8763223750983868,0.07,"[0.37000000000000005, 0.35000000000000003, 0.6700000000000002, 0.31000000000000005]"
logreg_C2_C4.0,0.8908921277417701,0.8820743724377967,0.8758002560819462,0.8650324846180559,0.11,"[0.44000000000000006, 0.42000000000000004, 0.5000000000000001, 0.39000000000000007]"
logreg_C2_C1.0,0.8785684543023334,0.8726388383416324,0.8680961663417803,0.8567117457587086,0.06,"[0.4600000000000001, 0.4700000000000001, 0.5200000000000001, 0.49000000000000005]"
logreg_C2_C2.0,0.8878632953276432,0.8801812049045147,0.868505452212957,0.8551644356294635,0.08,"[0.4600000000000001, 0.4600000000000001, 0.5100000000000001, 0.4100000000000001]"
logreg_C2_C0.5,0.8635523902204483,0.8589718593282344,0.8530331457160726,0.8402481867384222,0.06,"[0.4600000000000001, 0.4700000000000001, 0.4600000000000001, 0.5100000000000001]"
