{
  "f1_micro": 0.8932547478716437,
  "f1_macro": 0.8854984194294601,
  "roc_auc_macro": 0.9618312768809928,
  "pr_auc_macro": 0.9432351466086362,
  "per_class": {
    "cardiovascular": {
      "f1": 0.9158415841584159,
      "roc_auc": 0.9768150196761656,
      "pr_auc": 0.9706234965926278,
      "thr": 0.35000000000000003
    },
    "hepatorenal": {
      "f1": 0.8672566371681416,
      "roc_auc": 0.9521662547978339,
      "pr_auc": 0.9372755327073047,
      "thr": 0.35000000000000003
    },
    "neurological": {
      "f1": 0.9048414023372288,
      "roc_auc": 0.9716638330499716,
      "pr_auc": 0.9705105556858418,
      "thr": 0.4600000000000001
    },
    "oncological": {
      "f1": 0.8540540540540541,
      "roc_auc": 0.9466800000000001,
      "pr_auc": 0.8945310014487706,
      "thr": 0.36000000000000004
    }
  }
}