{
  "name": "logreg_C2",
  "cv_f1_micro": 0.8880161674628319,
  "cv_f1_macro": 0.8808377063161048,
  "test_f1_micro": 0.872093023255814,
  "test_f1_macro": 0.8611265964459933,
  "minutes": 0.1,
  "thr": [
    0.4600000000000001,
    0.4600000000000001,
    0.5100000000000001,
    0.45000000000000007
  ]
}