{
  "cardiovascular": 0.4100000000000001,
  "hepatorenal": 0.38000000000000006,
  "neurological": 0.5100000000000001,
  "oncological": 0.43000000000000005
}