{
  "cardiovascular": 0.4600000000000001,
  "hepatorenal": 0.4600000000000001,
  "neurological": 0.5100000000000001,
  "oncological": 0.45000000000000007
}