{
  "cardiovascular": 0.4,
  "hepatorenal": 0.42000000000000004,
  "neurological": 0.4600000000000001,
  "oncological": 0.30000000000000004
}